"gene","logFC","AveExpr","t","P.Value","adj.P.Val","B"
"AC010967.1",3.38602046313863,1.94667109307777,8.66866903336323,5.96268828674305e-14,2.41679681638269e-09,21.0724865503519
"SNX29P1",0.939236746811639,0.894092743814984,7.70428274008558,7.84153779798134e-12,1.5891660501389e-07,16.4669861229793
"CTA.797E19.1",1.64548063691191,1.32297820118346,7.59899757933028,1.32564732829873e-11,1.79103791702014e-07,15.9710551288092
"DNAJB7",0.647514069525324,0.785124836114318,7.49558808868483,2.21616431644251e-11,1.8096520995127e-07,15.4856560228151
"AC091814.3",0.906132046309778,0.937260261071256,7.4941187977748,2.23237454296938e-11,1.8096520995127e-07,15.478771877865
"RP3.333H23.9",1.1510673412887,1.5008905200931,7.23942543767874,7.84841675460848e-11,5.2836068937093e-07,14.2911784221886
"CTA.722E9.1",1.1009008859821,0.894639746864558,7.2087231394436,9.12495022598566e-11,5.2836068937093e-07,14.1488308799771
"CTA.992D9.8",0.722048880945672,0.674195229245807,7.15443382347708,1.19056493452408e-10,5.75343789591086e-07,13.8975793547571
"KIAA1683",1.31620409502032,1.34748472019442,7.14002349050604,1.27753234637318e-10,5.75343789591086e-07,13.8309873827974
"RP1.29C18.9",1.10856145012942,1.84518282027427,7.08910601144167,1.63834869626277e-10,6.50257127831049e-07,13.5960315239225
"RP11.706O15.1",1.59298514477468,3.82601738846098,7.07387300985249,1.76473611125568e-10,6.50257127831049e-07,13.5258441916809
"KIF25",1.27670385885972,1.29052253002787,7.00917400487707,2.41828215807996e-10,8.16815103594141e-07,13.2282863835213
"CTC.559E9.4",0.964614691422015,1.04223615116631,6.90173555239729,4.07202383130436e-10,1.26959438408022e-06,12.7361878791033
"RP11.252C24.3",1.10272860794709,0.867389133938638,6.78481454193873,7.15714480084635e-10,2.07209566477074e-06,12.2036630750797
"RP11.91P24.1",0.833775956887046,0.876539934175034,6.74178274781411,8.80068876069946e-10,2.1573138351843e-06,12.0084945416906
"SNTG2",1.36822430061574,0.998665686674556,6.73145224535663,9.24781138642659e-10,2.1573138351843e-06,11.9617087099531
"RAP2C.AS1",0.774481385669649,1.40747348571027,6.7277475698088,9.41356928421579e-10,2.1573138351843e-06,11.9449370337606
"ATP6V0CP1",1.06411634366628,0.745955258624823,6.72408149538838,9.58049171847363e-10,2.1573138351843e-06,11.928343464837
"C4orf17",0.907222270133219,0.869323188594358,6.69970802677875,1.07671350196981e-09,2.27123311426705e-06,11.8181082823374
"MIR6888",2.07910649271299,1.59858040518501,6.69134098155862,1.12071109951004e-09,2.27123311426705e-06,11.7803005526305
"CA5B",1.19400171337979,3.5385145187138,6.64061927553485,1.42812263419632e-09,2.75641269567834e-06,11.5514875901426
"AC017006.2",1.08236372334735,0.957970785581248,6.6157027371371,1.60831722333056e-09,2.96310516800156e-06,11.4393277963862
"CTC.448F2.6",0.810184511644852,1.2713126948149,6.54598565827916,2.24069734982321e-09,3.86674859056007e-06,11.1263686439993
"LINC00116",-1.30156481314113,4.08757629794141,-6.54143704743325,2.28959750748647e-09,3.86674859056007e-06,11.1059950040702
"AL049758.2",0.965433223907203,0.957579642413231,6.50233802937822,2.75582002075169e-09,4.46795588324431e-06,10.9310981577009
"RP11.857B24.1",0.919750918896005,0.769665874251198,6.47365384935462,3.1563445224e-09,4.78034372388312e-06,10.80305487572
"CDR1.AS",2.88331598266671,2.73278563690513,6.46430632934948,3.29888971323436e-09,4.78034372388312e-06,10.761377690143
"LINC00857",0.471182498774249,0.469439205366287,6.46408634829077,3.30231975399012e-09,4.78034372388312e-06,10.7603971676154
"EGLN3.AS1",1.67331046626167,1.21739130665167,6.45406896182226,3.46230289029154e-09,4.83910554307919e-06,10.7157609365206
"CHMP4BP1",1.08196197025167,1.14693240053175,6.41541721094469,4.15455402091991e-09,5.5252398683516e-06,10.5437978212748
"PSMC1P1",-1.67531680873264,2.16852077806945,-6.41180400231664,4.22585699987416e-09,5.5252398683516e-06,10.5277441310722
"PRKX.AS1",0.99929929208514,0.777687440242997,6.37848640504837,4.94293071313072e-09,5.83335491328754e-06,10.3798881479066
"UQCRFS1P1",-1.93752626766448,2.51012153131624,-6.37356630122974,5.05853394157718e-09,5.83335491328754e-06,10.3580809011375
"C3orf35",0.809300816995359,1.40784585987223,6.37222935484566,5.09040525478774e-09,5.83335491328754e-06,10.3521563988497
"RP11.142A12.1",1.04490274125218,1.58527235849064,6.3703165416813,5.13634939980089e-09,5.83335491328754e-06,10.3436809187259
"RP11.130C19.3",0.623847681407802,0.582437640785231,6.36505463494123,5.26485739205387e-09,5.83335491328754e-06,10.3203714197422
"MTCYBP3",0.786835172336422,0.58207808560644,6.35360049365804,5.5556638583779e-09,5.83335491328754e-06,10.2696590318727
"RP11.423G4.10",1.19518883704516,1.35136289928381,6.34907969819051,5.67475360653542e-09,5.83335491328754e-06,10.2496540624534
"RNU1.91P",1.55481111298404,1.43346334185518,6.34524465919379,5.77775048208782e-09,5.83335491328754e-06,10.2326883176695
"LINC01024",0.901653406513739,2.03437862559183,6.33986370143327,5.92538155074081e-09,5.83335491328754e-06,10.2088908792616
"RP11.727A23.10",1.18185705222958,1.67557320502971,6.33913261478259,5.94572454005395e-09,5.83335491328754e-06,10.2056582830806
"HIVEP1",1.15530806000327,3.24622505307609,6.33182659488927,6.15284208145394e-09,5.83335491328754e-06,10.1733623779837
"RP11.93G23.2",0.962563105278106,1.24829089977626,6.33059161293818,6.18854883231432e-09,5.83335491328754e-06,10.1679047520442
"AC139100.3",0.838536754168541,0.863276439715467,6.32301404132348,6.41215529761438e-09,5.84230698759778e-06,10.1344278309395
"TEX14",1.25063048570637,1.72086030230859,6.31906601968852,6.53179617572894e-09,5.84230698759778e-06,10.11699260311
"RP11.700A24.1",1.00658323126964,1.56679279137287,6.31586326626776,6.63046781381372e-09,5.84230698759778e-06,10.1028520130024
"RP11.757G14.3",0.636862850811921,0.463199609499848,6.31054796638949,6.79747800096646e-09,5.86202932628026e-06,10.0793909553803
"RP11.147I3.1",1.33313288806148,2.38979031549438,6.2915748183374,7.42816771553324e-09,6.27246862179153e-06,9.99571445621426
"MIR548I1",2.42754451182824,3.15153749601195,6.2851707640822,7.65380676471184e-09,6.33110399565919e-06,9.96749519785057
"RP11.535C21.3",1.25845716755987,1.34574474092579,6.27306025046392,8.09913587163973e-09,6.56548350298603e-06,9.9141642792894
"RP11.128N14.5",1.68158557871048,1.86825689801969,6.26040902865151,8.59163421765196e-09,6.824729041699e-06,9.85849948812789
"JARID2.AS1",1.52700379225349,1.82135370815206,6.25560199148712,8.78640956022676e-09,6.824729041699e-06,9.83736145177168
"RP13.204A15.5",1.40623229884593,1.74795918492667,6.25226735914429,8.92407577247723e-09,6.824729041699e-06,9.82270215860645
"KRTAP4.16",0.685923341986507,0.431221058118007,6.2345128894322,9.69363545028928e-09,6.96297726057276e-06,9.74470922101041
"RP11.862G15.1",0.658302970357036,0.612959807959225,6.23386885902366,9.72274704359774e-09,6.96297726057276e-06,9.74188189453346
"RP11.481A20.10",1.1530752085033,1.56638181374273,6.22979877838584,9.90872720939247e-09,6.96297726057276e-06,9.72401697221722
"RP11.452H21.4",1.10432632870052,1.65670640744234,6.22934971476186,9.92946050085e-09,6.96297726057276e-06,9.72204619549255
"RP11.615I2.3",1.03153551956528,0.664355573074022,6.22271927221109,1.02406119508458e-08,6.96297726057276e-06,9.6929548061237
"MT.TA",-3.23562336479946,8.52890670223758,-6.22236879527677,1.02573238135325e-08,6.96297726057276e-06,9.69141744761985
"RP11.191G24.1",1.18031377907084,1.27243961737583,6.2168162881746,1.05256997721651e-08,6.96297726057276e-06,9.66706655776482
"RP3.500L14.2",0.815579108457208,0.878733993144403,6.21627032553989,1.05524592018419e-08,6.96297726057276e-06,9.66467271536307
"RP11.1148O4.1",0.387419175748123,0.229890060002837,6.2142723997649,1.06509570254493e-08,6.96297726057276e-06,9.65591334055567
"DUOX1",1.56812203372548,2.82547811253262,6.19714311506775,1.15334769777914e-08,7.42023633117207e-06,9.58086521954414
"CD300LG",0.854981189864679,0.600508826635957,6.18860175457979,1.20000813385814e-08,7.54722498017815e-06,9.54347720201081
"RP11.1191J2.4",0.638294433604696,0.470273001046716,6.18355369848446,1.22845453529021e-08,7.54722498017815e-06,9.52139108598127
"RP11.702H23.4",0.429699878381775,0.301328073183069,6.18346730259433,1.22894712496733e-08,7.54722498017815e-06,9.52101315832994
"RP11.497H16.5",1.73492296517763,1.05017668866294,6.17277271789903,1.29145015167248e-08,7.56317886865096e-06,9.47424912174025
"RP5.837J1.4",1.46752884238434,1.33407562259923,6.17013760810997,1.30732546829756e-08,7.56317886865096e-06,9.46273212597161
"UQCR10",-1.42085781289686,5.12017995015356,-6.16916917433986,1.31320802171169e-08,7.56317886865096e-06,9.45850004293474
"RP11.91P24.5",1.31717618730205,1.88041208243895,6.16894226559819,1.31459009939457e-08,7.56317886865096e-06,9.45750848791683
"RP11.133N21.10",1.14452698844941,1.24745637186544,6.16508751781295,1.33828913545855e-08,7.56317886865096e-06,9.44066632857704
"DIP2A.IT1",1.20818390723183,1.36288052625836,6.16424839457278,1.34350359849716e-08,7.56317886865096e-06,9.43700065201675
"RP11.65M17.3",0.709802943648486,0.587006012784593,6.15860382169038,1.37910394881916e-08,7.65723852788193e-06,9.41234832517637
"RP11.843A23.1",1.29427246544085,1.52047535230648,6.15463682423438,1.40467831665106e-08,7.69384074736496e-06,9.39502872157067
"RP11.111M22.2",0.855476084837208,1.82347815455615,6.15083350144034,1.42963599125356e-08,7.72613413299859e-06,9.37842837925072
"MYADML",1.71860168890034,1.81019162657759,6.14776956291454,1.45005905620882e-08,7.7333939034547e-06,9.3650585533011
"RP11.507K2.2",0.810999609722227,0.724455218460987,6.13934804914598,1.50768602859608e-08,7.89287242883576e-06,9.32832570834897
"IRF4",1.79163767916598,4.22351785226668,6.13082511932927,1.56830284527683e-08,7.89287242883576e-06,9.29117346839931
