"","Sample7","Sample8","Sample13","Sample16","Sample17","Sample20","Sample25","Sample27","Sample28","Sample29","Sample30","Sample31","Sample32","Sample33","Sample45","Sample52","Sample54","Sample55","Sample56","Sample57","Sample58","Sample59","Sample60","Sample61","Sample62","Sample66","Sample68","Sample76","Sample77","Sample84","Sample86","Sample87","Sample91","Sample92","Sample94","Sample95","Sample96","Sample97","Sample98","Sample99","Sample100","Sample102","Sample103","Sample104","Sample105","Sample1","Sample2","Sample3","Sample4","Sample5","Sample6","Sample9","Sample10","Sample11","Sample12","Sample14","Sample15","Sample18","Sample19","Sample21","Sample22","Sample23","Sample24","Sample26","Sample34","Sample35","Sample36","Sample37","Sample38","Sample39","Sample40","Sample41","Sample42","Sample43","Sample44","Sample46","Sample47","Sample48","Sample49","Sample50","Sample51","Sample53","Sample63","Sample64","Sample65","Sample67","Sample69","Sample70","Sample71","Sample72","Sample73","Sample74","Sample75","Sample78","Sample79","Sample80","Sample81","Sample82","Sample83","Sample85","Sample88","Sample89","Sample90","Sample93","Sample101"
"MHC class II protein complex assembly",0,0,0,0,0,0,0,0,0,0,0,0,0,0,0,0,0,0,0,0,0,0,0,0,0,0,0,0,0,0,0,0,0,0,0,0,0,0,0,0,0,0,0,0,0,0,0,0,0,0,0,0,0,0,0,0,0,0,0,0,0,0,0,0,0,0,0,0,0,0,0,0,0,0,0,0,0,0,0,0,0,0,0,0,0,0,0,0,0,0,0,0,0,0,0,0,0,0,0,0,0,0,0,0,0
"peptide antigen assembly with MHC class II protein complex",0,0,0,0,0,0,0,0,0,0,0,0,0,0,0,0,0,0,0,0,0,0,0,0,0,0,0,0,0,0,0,0,0,0,0,0,0,0,0,0,0,0,0,0,0,0,0,0,0,0,0,0,0,0,0,0,0,0,0,0,0,0,0,0,0,0,0,0,0,0,0,0,0,0,0,0,0,0,0,0,0,0,0,0,0,0,0,0,0,0,0,0,0,0,0,0,0,0,0,0,0,0,0,0,0
"MHC protein complex assembly",0,0,0,0,0,0,0,0,0,0,0,0,0,0,0,0,0,0,0,0,0,0,0,0,0,0,0,0,0,0,0,0,0,0,0,0,0,0,0,0,0,0,0,0,0,0,0,0,0,0,0,0,0,0,0,0,0,0,0,0,0,0,0,0,0,0,0,0,0,0,0,0,0,0,0,0,0,0,0,0,0,0,0,0,0,0,0,0,0,0,0,0,0,0,0,0,0,0,0,0,0,0,0,0,0
"peptide antigen assembly with MHC protein complex",0,0,0,0,0,0,0,0,0,0,0,0,0,0,0,0,0,0,0,0,0,0,0,0,0,0,0,0,0,0,0,0,0,0,0,0,0,0,0,0,0,0,0,0,0,0,0,0,0,0,0,0,0,0,0,0,0,0,0,0,0,0,0,0,0,0,0,0,0,0,0,0,0,0,0,0,0,0,0,0,0,0,0,0,0,0,0,0,0,0,0,0,0,0,0,0,0,0,0,0,0,0,0,0,0
"CD4-positive, CD25-positive, alpha-beta regulatory T cell differentiation",1.31906652151068,2.51900089067253,-1.06599063809187,0.212488950986088,-0.886639266510646,0.335539176126031,-0.986477905506942,-0.79614825589358,0.808917350836931,-0.118784284229898,-0.151869888855318,-0.819597779452026,0.349126063055058,0.734032960101131,1.51426701207928,-0.677055842043353,-0.118784284229898,0.708673515969393,-0.23326384342412,-0.151869888855318,0.160662451381212,0.527732413496708,-0.819597779452026,1.09287466799866,-0.271462400865996,0.212488950986088,0.0238917352171498,1.50926361590114,-0.803811889713058,-0.38995222517533,-0.507199690573992,-0.00320757054302161,-0.981987268240802,-1.16091867170425,0.113359891060972,0.404615731429234,-0.430140350160524,-0.456062736492392,-0.118784284229898,1.79027996155102,-0.56865046842358,-0.93670065101356,-0.959242779028045,-0.803811889713058,-0.959242779028045,-0.50046576154048,-0.705591731557654,1.5667773695772,1.16498782779503,-0.981987268240802,-0.346516446150016,1.32777573693263,2.25380529162448,0.230829419558638,0.708379368553843,1.3014082690893,-0.877695517460812,-0.783228199816176,1.46945414924764,-0.849425567267492,0.32715862121649,0.68394601039224,0.93399983922822,-1.05084248024467,1.47239270902657,-0.76987369801636,-0.118784284229898,-0.615221460114035,-0.849425567267492,-0.620882605263824,-0.981987268240802,-0.959242779028045,0.0390122906463737,1.58341698815707,-0.690321828765227,1.08859071291127,-0.38995222517533,-0.981987268240802,-0.959242779028045,-0.615221460114035,-0.79614825589358,1.051410026891,-0.737207000798512,-0.877695517460812,-0.93670065101356,-0.677055842043353,2.15465809910517,-0.981987268240802,0.103525677261018,0.708379368553843,-0.690321828765227,-1.16091867170425,-1.06599063809187,-0.00320757054302161,-0.690321828765227,-0.981987268240802,0.212488950986088,2.05921790025198,-0.93670065101356,0.500907240023252,-0.286970043412825,0.734032960101131,0.212488950986088,-0.690321828765227,-0.886639266510646
"mitotic spindle midzone assembly",-1.22177146492013,-1.840722168926,-0.366089888719591,-0.396834638023199,-0.742279817107327,-1.26265584398284,-0.151752610111326,0.767144618072001,-0.438444414840799,-0.0830699362062993,-0.605508752971778,1.55089459071707,0.210066816862645,-0.988260032488879,-0.807229219085337,-0.128201631463964,-0.72428270879787,-0.614447345204154,0.783902869504536,-0.991197417096884,-0.613002567082632,0.382362490612898,-0.10327464020478,-0.978832606134249,-0.973557960968134,-0.992324653690544,-0.729279252758251,-1.60859580242557,0.204402005234137,-0.904347762200604,-0.137935465299694,-0.432028153005623,1.35484336903698,0.47196797396019,-0.118345768288028,1.32255365837622,1.0812699746516,-0.385618113494341,0.991002624113208,-0.956901775820386,-0.0177071839443411,0.342122975734043,0.448135477958053,0.2194126212147,0.615828529250541,0.562669892871078,0.637509642595985,-0.942488040672095,-1.19182756665145,0.473447874666452,-0.400244766092191,-0.00125550040230137,-0.575745044967752,-0.60224032140803,-0.353863257240266,-1.41701170137561,0.610061944507729,-0.130193184418199,-1.57686143300447,0.124550368959258,-0.786798133211672,-0.321615592598462,-0.135332059411956,1.11021448997837,-1.45377540034635,1.68102062410161,-0.707352072832784,1.59310085887346,-0.0663814138866227,0.146540890398986,1.88351849812294,0.522842721393971,-0.346765630366266,-1.19699215785422,1.42705737335898,-0.545872672642808,0.237630148485987,2.00324417548727,-0.250656115992268,1.55181182631121,1.35063252137558,-1.71261067738165,0.0551274171139009,1.179992836225,0.649682237280219,0.185269462316421,-1.40919204005188,2.25695607893615,0.562081066003581,0.237982320498312,2.13606794479903,1.17615477519344,0.0589472964026094,0.00862599634601383,1.6520790136068,1.52723314560782,-0.717454818613665,-0.880906227648855,2.06191318311733,-1.01759615609365,0.455945094808608,-1.50186168622146,-1.54426115458834,1.82172244457949,-0.585890338383572
"mitotic spindle elongation",-1.22177146492013,-1.840722168926,-0.366089888719591,-0.396834638023199,-0.742279817107327,-1.26265584398284,-0.151752610111326,0.767144618072001,-0.438444414840799,-0.0830699362062993,-0.605508752971778,1.55089459071707,0.210066816862645,-0.988260032488879,-0.807229219085337,-0.128201631463964,-0.72428270879787,-0.614447345204154,0.783902869504536,-0.991197417096884,-0.613002567082632,0.382362490612898,-0.10327464020478,-0.978832606134249,-0.973557960968134,-0.992324653690544,-0.729279252758251,-1.60859580242557,0.204402005234137,-0.904347762200604,-0.137935465299694,-0.432028153005623,1.35484336903698,0.47196797396019,-0.118345768288028,1.32255365837622,1.0812699746516,-0.385618113494341,0.991002624113208,-0.956901775820386,-0.0177071839443411,0.342122975734043,0.448135477958053,0.2194126212147,0.615828529250541,0.562669892871078,0.637509642595985,-0.942488040672095,-1.19182756665145,0.473447874666452,-0.400244766092191,-0.00125550040230137,-0.575745044967752,-0.60224032140803,-0.353863257240266,-1.41701170137561,0.610061944507729,-0.130193184418199,-1.57686143300447,0.124550368959258,-0.786798133211672,-0.321615592598462,-0.135332059411956,1.11021448997837,-1.45377540034635,1.68102062410161,-0.707352072832784,1.59310085887346,-0.0663814138866227,0.146540890398986,1.88351849812294,0.522842721393971,-0.346765630366266,-1.19699215785422,1.42705737335898,-0.545872672642808,0.237630148485987,2.00324417548727,-0.250656115992268,1.55181182631121,1.35063252137558,-1.71261067738165,0.0551274171139009,1.179992836225,0.649682237280219,0.185269462316421,-1.40919204005188,2.25695607893615,0.562081066003581,0.237982320498312,2.13606794479903,1.17615477519344,0.0589472964026094,0.00862599634601383,1.6520790136068,1.52723314560782,-0.717454818613665,-0.880906227648855,2.06191318311733,-1.01759615609365,0.455945094808608,-1.50186168622146,-1.54426115458834,1.82172244457949,-0.585890338383572
"positive regulation of mitotic cell cycle spindle assembly checkpoint",-1.11032706607948,-1.06509902501177,-0.292865661514982,-0.531620475794537,-0.207935122572684,-0.82709967055836,0.874680470998168,0.988312432045701,-1.55947480345228,-0.694270722064582,-0.634428423516263,-0.386406260849912,-0.269722398612875,-1.43121109318205,0.0719854484413795,0.38787631143931,-1.2406348728622,-0.860128611870592,0.384377044242197,-0.886842012929397,-0.0561012404926565,-0.654996568429158,-0.194642359331295,-1.38211786904571,-1.24558005121922,-1.20175186572381,0.614040033822704,-1.69932153389253,0.0682525344671412,-1.17079516028779,0.0284203781401421,0.00429147291827519,1.00203848834108,0.900097346357346,-0.290772603268352,-0.709859482420983,-0.0920435741318009,-0.87425666058731,-0.068838398059695,-0.229794354992279,-0.773603676596594,-0.186590293857611,0.218654310981626,0.499636584940177,0.174546089354807,1.81333719164819,0.0640551989851278,-0.973091050290844,-0.785556862888672,0.676848352884902,-0.705504844403569,0.571959020379826,-0.598542859543317,0.561472070112862,-0.390733955570028,-1.56494333256496,-0.0734495989491879,0.0128045491303211,-0.846369376854494,-0.458293316060548,-0.713378815493567,-0.129061510028617,0.560048002686953,1.07311088118148,-1.1764460292623,1.80978000655637,-1.19398502807931,0.94778045495901,0.211051678944811,0.284271739792967,2.58955553806531,1.04191037165786,0.049446235227836,-0.686988615623018,1.36210824877994,0.418495412581551,0.974701046641371,2.21212022955055,0.598840586830842,1.35859345378572,1.65923141963343,-1.19091993448818,0.167910024651018,1.35276041617111,1.73435192188604,-0.447342645787852,-1.1306861737444,1.83753259468438,0.900692471786214,0.990198495776449,2.015968509391,0.376951331735547,0.17257036066972,0.221832717870149,1.18307741787995,0.684334745417416,-1.00803573737038,-1.13339709873478,1.54057150256559,-0.763082514791358,-0.212423853801624,-1.72448351994272,-1.64217492111194,2.23980641510909,-0.109266053506545
"regulation of attachment of mitotic spindle microtubules to kinetochore",-1.10803678272178,-1.1869688374817,0.172105722332949,-0.60384889898195,-0.271014471896076,-1.30513157902735,0.614830608977058,0.829006700331287,-1.32769893927054,-0.318048831390818,-1.03028426586885,-0.132347938785771,0.227088777060393,-1.2640443036444,-0.260892913985371,1.00835230804122,-1.7542255452894,-1.51484418427578,0.830103029240655,-0.776446938826971,-0.437982374600382,-0.145347033872075,-0.0810580849032307,-1.64730714680302,-0.767994805924449,-1.06182433783892,0.222771124240476,-1.69847302651274,0.616368160961301,-0.538652722346148,-0.206297335102969,0.13373463398934,0.658989978042533,0.514098866536653,-0.506106521445995,0.60690473370473,0.797042124909737,-0.621179767093556,0.378311861868066,-1.33288585969827,-0.326597843576888,0.73393854191123,0.191872756892548,-0.181695710135195,0.354211254365067,1.08965404021242,0.341987738538753,-1.03683293918627,-0.882527624421189,0.478556645145337,-0.670212203591228,0.526304493946359,-0.616831334235522,0.345506147534901,-0.029159529975178,-2.10882916406565,0.637895670525985,0.200637903473172,-1.2419937293112,-0.332090081708122,-0.228779972201893,-0.402095601609448,0.365036836715567,1.32182914249178,-1.20486976598514,1.38839200175718,-1.09264011523451,0.883512213233602,-0.245695923535691,0.874200665836962,1.97655399427697,0.745311222284741,0.00365544965711419,-0.796142727001095,1.52375767755743,0.365734419657404,0.561564508639323,1.87962351481743,0.139851415480072,1.53599043379244,1.32087659820393,-1.61239531433656,0.235188776877911,1.57343084270393,1.24464467157714,0.0973478251339536,-1.41016892373947,1.45448988723277,0.95871621196677,0.737978258393211,2.0378195979639,0.768420148317355,0.0889837913800852,0.0375376729251425,1.45671298111229,0.709691275461336,-0.898148821941208,-0.803874165817426,1.85327204085437,-0.672683730207659,-0.0905157998993317,-1.61844592825536,-2.34817986520501,2.07133637120636,0.0286159924740664
"attachment of mitotic spindle microtubules to kinetochore",-1.5211633137146,-1.0147271236326,-0.693467005530272,-0.0527908455118051,0.0116070182292334,-1.75007524305577,0.184371805474625,0.693506564621795,-0.626396421462899,0.509657387048343,-0.540325670205802,0.996927760560749,1.76754730201232,-0.799183618451117,-1.08103148613452,-0.164938684949921,-0.529470158271933,-0.913488401667559,1.23521461567293,0.130522550318163,0.177348342955272,-0.498232000284752,0.51366779133686,-0.447731459112261,-1.4281616572682,-1.53521166107619,0.972517800425721,-2.01405504512104,0.214111069224185,-1.3024376863722,-0.525668798436203,0.0487019360298971,0.294085691077028,0.284366930351691,0.128326078875198,0.0300857222992062,2.59866482216178,-0.63373631059349,0.747139285572217,-0.997773081560749,-0.0680553738253948,1.03743936805252,1.37444356628051,1.56903553754763,0.618620067939851,2.02315374960555,0.740395931307772,-1.03220762115705,0.535935743312861,-0.446249755668005,-0.555497390077743,-0.056689854064328,-0.301916918489481,-0.318914259188238,-1.07793414194063,-1.69530197559601,0.369464223366065,0.410795628492933,-1.30745553247149,-0.0561654666868455,-1.16384686606486,-0.139133205982588,0.761382398413394,0.598961802432035,-1.42595673391699,0.954655865303131,-1.49560858527705,0.375177637285568,0.580749679559658,0.49940267730665,1.33643304232042,1.12985633627474,-0.419194688205295,-0.550536450589706,1.03454834133243,-0.425041447706431,-0.394580994235735,1.27839659811048,0.564109052666544,0.930763621082702,0.768205740620912,-1.76883737308265,0.0873812142029927,1.24799353148008,2.2195115873582,0.202442783165171,-1.75306748640196,0.705509144436597,0.792166070977121,-0.116826100847153,1.29043615166059,-0.35299288998511,-0.176176212695602,0.0335908246036562,1.29553965682571,0.457463106585024,-0.955765534691421,-0.887633523227683,1.08782715190863,-0.509348531057603,0.143441540523418,-1.63062871211722,-2.13798785645594,1.69158171957591,0.00443558795539696
"cytoplasmic translation",0.834372413513458,0.885551336668971,0.826158592502576,0.696291223124268,0.54055633431589,0.692216876915654,0.979906203483397,-1.02793701986898,-2.18175541939555,-0.358575059559823,0.84364497303122,-3.4497745005725,-1.19504724699088,-0.0802268706324417,1.20080237522787,1.21191488664163,0.628220935687062,-0.280752232545285,0.160327577260453,-0.798225256901369,-4.91761909294812,0.411236250946466,-0.852195759281348,-0.655272915048053,0.969450831341579,0.126600850897321,0.512902051385052,0.781481233626914,-0.26994735403168,0.559836465887073,0.233363571954062,0.966511207917696,-1.79998436632393,-2.77167183825068,0.404408350478529,0.496398178579273,1.16409572233376,-0.00940075607461909,-1.35545749396654,1.2492230115274,-0.462357410440155,-0.268961929711193,-0.0369284734621705,-1.36996230801246,-2.33648718067501,0.306682502760901,0.331265397691748,0.530737771414387,-0.139085559264371,0.221128219590207,0.116672737772146,0.195820195953818,0.78431708140901,1.08395625527802,0.276377163915257,0.232127971518955,-1.03698869989864,-0.133835842274826,0.510865482261884,0.386057614637704,1.25676841719295,0.253607777627464,-0.216154860712008,-0.0761753585709133,0.252780916194879,0.914444423550834,-1.08426457261673,0.797381634849121,-0.228222565101044,-0.455452957903891,-0.417360922849052,-0.045153123140383,0.836410007239097,0.0572859238970984,-0.315802155502773,0.831148838432452,0.699061056970325,-0.0359067696696145,-0.13041394116381,0.722786341638541,-0.0773549982341968,-0.466647104245852,-0.778113062722894,0.0141987956091172,-0.354423338695506,0.0350112254660882,1.1574816216346,-1.47123389128467,0.07571612301129,0.836945084386377,0.157995149824145,-0.958867245060254,1.02672311086761,0.534972907670096,-0.439783694714783,-1.12366704915642,1.07003168331393,0.491109625990962,0.149590899620744,0.696291223124268,-0.126611764993114,-0.195963740876224,0.368462913262068,0.432617113667504,0.765721038851711
"ribosomal small subunit biogenesis",0.920569633823747,1.44405547152396,-0.13831816839391,1.34685745598338,-0.0621757013565883,0.676168871057583,0.101422245662927,0.127598510739635,-1.42194943423162,0.644853687921141,-0.730639009077037,-0.386904167731274,-1.25102243265623,0.15015418010215,0.403378335346418,-0.996515750161754,0.224734216854344,-0.58779934002802,-0.685812418052166,-0.68838201506093,-1.86023468122502,-0.9892177117868,-0.743639181152588,-1.29914710541656,0.853252779079437,0.308674744672465,1.45049815331142,0.632981175763361,0.303335214415951,-0.666141324212884,-1.44518750025228,1.15440671614207,-1.79894816393832,-1.16538169748515,-0.210233422912297,-0.926431963820393,0.314315435653568,-0.712823690273855,-0.826936782083645,0.812693377909693,-0.620997995744832,-1.33078624681113,-0.813429195576088,0.030561591340242,-0.908086370318504,1.44707325442053,1.47594633397985,1.54705154876927,1.39590160374741,-1.39253182921314,0.366695142287517,-1.20810359346015,1.32119948309,-0.0347385015953688,-0.0582670623071236,1.21399052359097,-0.336068836474382,0.902532633821572,1.34685662751563,0.459926141587665,0.255342377571354,1.27609335185824,0.858902038651717,-1.45250128341167,0.783567155877653,-0.562219024910566,0.160650829535663,-0.573660412138992,1.42321243418006,0.601999223550531,-0.624993003891968,1.1607150326075,1.17744985010926,1.43179576789042,-1.50298137409124,1.36571024539254,-0.339553808802151,-1.16201365528795,0.47558492146503,-0.460505119512279,-1.78694113686401,0.461673066536413,-0.357725722687782,-0.0485773513022413,1.61291034629533,-0.387807281552875,1.07880936041088,-1.44225849543726,1.39284764824263,0.129218751665851,-1.15696796568357,-1.76584221515737,-0.428318325013869,0.976273975652809,-0.749376021669452,-1.55608618991781,0.853984471087006,0.685166047438826,-1.43954572558463,1.53167091109026,0.946608273147771,0.0536472091309801,1.20808559464921,-0.566137909823237,-0.618740658600923
"ribosome assembly",-1.27035387623862,0.705699293042873,0.115462145811566,0.403858478796784,0.465578271111145,-0.76195336888515,-1.19236616707723,1.09495567694972,-0.678679588945196,0.974362542139999,-0.939969041451716,1.24135398918287,-0.890894589029995,-1.54757629634018,-0.669346084409371,-0.584535985720199,-0.511916605081071,-0.738389261281933,-1.04156598687937,-0.34587611516076,-0.279126658403219,-2.57380062393788,-0.291737565055014,-0.752880124679965,-0.912775052285442,0.802167669705475,1.7186921616536,-1.03620205843133,0.875685658931964,-2.02743246919036,-1.29416983282095,1.89342506615869,0.0410073689832802,-0.497475976953382,-1.72015774793034,-0.601711602652285,-0.730049886792128,-0.894719668601304,0.338038427029864,0.114896571873844,-1.25836569078594,0.1534937330449,-1.31227342639311,1.18616223979177,-0.0860589620967628,0.761499927208884,1.62093267939534,0.505053562525075,1.24538031708775,-1.3677836932603,-0.248695098888554,-0.0271917308863941,0.445954663382035,-1.38786257627767,-0.280124109306865,0.886856480955667,-0.725681709808642,2.1430671057711,0.706293894636507,0.923456260151851,-0.218519624563006,0.869533770918158,0.0354275882933119,-0.922133646872131,0.849621134766964,0.822513567866395,0.392693015974548,0.534775028449086,1.30778621130535,0.954201065706194,1.39919119912103,1.69167525623247,0.634137617737737,0.622617057213585,-0.983473403362957,0.802688871751086,-0.12731536508996,0.483699443628842,-0.475112631619567,0.456604773311163,1.09993354473283,-0.884546395175917,-1.38439655749265,-0.568854514332765,1.85113327581185,-0.567049082882332,-0.637499948433757,-0.813652956254876,1.49139568987526,-0.640228493207409,0.409289867568656,0.671609364647805,-0.637035032400443,0.792146340874264,-0.283106731891572,-0.252745385027637,0.255200411604145,0.705987210812714,1.33679370590672,0.409584800241849,1.31266230289856,-1.39967149874898,0.789855874759061,0.152486842049901,-2.2235385200875
"ribosomal large subunit biogenesis",-0.79126455394667,0.264031998986667,-0.145584630200606,0.750277326220269,-0.714371038171861,0.133519477187037,-0.383538289933905,0.573128540963765,1.70137821444642,1.93568737135005,-0.0589578092623478,0.794010425376313,1.681294510062,-0.526509801860032,-1.98433388705097,-0.909394971304257,0.563489023142828,0.807487516443977,0.72566271743411,1.39910209744516,1.79286974010207,-1.15809052781497,1.5082243437085,-0.161126750129831,-1.17392639482417,0.642401237303053,1.30503909379508,-0.635496942052242,-0.171968731772426,-1.36208538604425,-1.2783518966946,-0.490129978171768,0.891088630875468,0.214460594719425,0.109302277674102,0.462480363832753,-0.128042962472053,1.07636828188021,1.62472474851204,0.18935434314742,-2.32011234928197,1.05705610258963,0.998635336703424,1.36993480327654,-0.603766628911742,0.586425938584833,0.485164305518003,0.709804917243322,-0.718327200535767,-1.35986352129057,-0.571502901937491,-0.414639261469319,0.20204309419428,-0.801399692357562,-0.258421247022197,1.37041624825555,-0.527554326686829,0.949844217719317,0.23031362568057,1.00326595308003,-1.80166134794523,0.383189851915659,0.0440850506354305,-1.81175715176949,-0.37531212345787,-1.51998344804291,0.643713369408409,-2.72285107031771,0.920830925925362,-0.880341333832159,0.423889103662743,1.04945062262292,0.0899750311214305,0.936167958611005,-1.2300915243956,0.321590485438276,-0.0963494849657602,0.407030886682484,0.202122929043856,-0.829399502460101,0.501039838428118,-0.659084339893191,-1.24623579716996,-0.0941649133841289,1.76861967933103,-1.53566349060337,-0.881454117452083,-0.00274112841776564,0.941909761625559,-0.72273139223832,1.00504524768895,-1.65245092837369,-0.87578618489074,-0.69732736896935,0.715133525580119,-1.84632040417777,-0.167334633203554,0.47713362349175,0.52957283710812,0.320201128282294,1.21973471058821,-0.131718418238174,-0.42970070928839,-0.422569806516843,-0.726931683441378
"translational elongation",-0.734889758102481,-1.36288267622787,-0.677094907541464,-1.08122703091883,-0.542383809526342,-0.493162862037228,-0.147789895092986,-0.210651662967991,2.57421448689148,-0.968768886546583,0.414241624128076,0.179361489437312,1.56436272213268,0.24309908647852,-1.28258437580116,0.276955804562865,-0.694501707728029,1.62681167721683,0.74569666450357,0.775372806937146,1.93798520089014,0.732794573211458,1.49190384376312,2.52532407754343,-0.115509050024533,0.0665848799192357,-1.93403600922143,-0.470878699026123,-0.120224759033643,1.12162261582148,1.00163699413227,-0.754931515020814,-0.208451745389088,0.606947150526257,0.561280316963445,0.256081955988346,-0.787645935520624,0.399112397757067,2.33922266016491,-1.58042754016024,-0.0484767270854519,0.769854993178364,1.01667668368655,0.339620035558731,0.758903820674897,-1.69892146273813,-1.1725929404226,-0.977957224199175,-0.243829164180043,-0.520105466950474,0.83219646894004,0.702453325276818,-1.13244669200471,-0.638235307746363,0.29619889588447,-0.967784150178432,1.78293471404813,-0.298531982194442,-1.03837249204893,-0.610009396486155,-0.199240816251168,-1.1030721718744,-0.449110812348528,1.70639114467549,-0.372284223732598,0.0349386415573837,0.576964983467787,0.434279022876651,-0.043054525411544,1.16852360652238,-1.19221027512841,-0.859614895235987,-0.678773671040896,-0.708092064359787,2.05970688521544,-0.801136329030998,-1.09625404073232,0.968108123530222,-0.413383872643508,0.545552202881892,0.951271563752432,0.0537858156581255,-0.322973055968193,-0.884584416611101,-1.7746248035297,-0.22360818115065,-0.254961116014188,1.07067401719588,-1.27902867673669,-0.638235307746363,1.00747685440801,1.61237923341945,-0.19504534844904,-1.38211089393743,1.1904651095438,0.991148063340205,-0.878945667885383,-0.0760211806647911,-0.00728755413195678,-1.29640700573796,0.4314119019433,-0.194769661089942,-0.90645669694762,-0.258780739651218,-0.73715530004139
"stress response to copper ion",0.756200584495634,1.34334282263909,0.487836245187369,0.969704687914071,-0.89589129707536,0.267863997528114,-1.19428551434604,-0.99914063466015,-1.44499812906521,-0.0216638915318849,-0.288136580979367,-1.68349769497099,-1.39074556660114,0.485996739122566,0.784091221953556,0.189198478636262,0.257444084604192,0.294277869342695,-0.18956290330764,-0.0594428513256454,-0.923911508382323,-0.442717110976746,0.472088202504939,1.22470083469127,0.205445493050783,0.611952959693411,0.593079527622923,0.880592800579446,1.34622214416249,0.28093209965346,0.451179388150548,0.375809496971373,-1.59382328574641,0.0229271989489888,0.0733533429829712,-0.549478224850306,-2.60518946181342,1.07173977593042,-0.74893168306475,0.732494087195433,-0.541776815227968,0.162450986609337,-0.175125212538397,-0.883830983743557,-1.06647922898708,-1.09597385380418,-1.25159727413568,-0.745551364247201,0.338219593350618,1.60089138853228,-0.808102006320205,0.661078224699237,0.911633840555374,0.690403544148835,0.267285343696096,0.869892152418014,-0.965662093830031,0.374411804550198,1.31693591215438,-0.148813323424159,0.616819651917025,0.796269962805459,-0.449594189398543,-1.35485364255325,1.11851477524111,-1.06032978201483,0.0687964746704034,-0.589347338133955,0.417476109265946,-1.0402068474589,1.14549601960519,-0.0502400074237327,1.3471355461485,0.865789023461412,-1.63097616006643,0.764750173897774,-1.00702658361531,-1.34083319821969,0.302209793405722,-1.35367429947399,-2.60538894500475,0.528729447713694,1.92607353204804,1.39452362694166,-0.75395358942707,0.253256496757117,0.269903034675238,-1.73033492413686,1.28002711959201,0.837576665917974,-0.790357616268557,0.0602258936462759,0.429301689523879,-1.19381832842414,-2.41456859744863,1.64831663758967,0.478171984726057,0.45456964626145,-0.0589881387667651,1.11308184746322,0.176378376564377,1.24470586872854,1.50927420025836,-1.22442536911151,0.944195578800284
"negative regulation of stress-activated protein kinase signaling cascade",-1.00274484609309,-2.49042902317745,-0.730012062250789,-1.13895708204443,0.123441531507472,-0.846277052331813,0.826962929663102,1.53624750295187,-0.435021087345489,-0.934580176756257,-0.368846045175314,-0.22331790890415,0.18191128006485,-0.968530856379148,-0.651436925170548,0.123441531507472,-0.823852968500717,-0.452438014966869,0.418664263690919,-0.846277052331813,-0.412334566058784,-0.573033536042495,-0.946200530299522,-1.77191016281693,0.103556667090401,-0.415544256605086,-0.614736485615271,-1.43402573247091,0.49977720209593,0.716974196780865,0.0249587730866492,-0.484223707084452,1.03135653570147,0.816180611172024,-0.91491495834847,0.0345159806467904,-0.22331790890415,-0.508354641706137,-0.22331790890415,-1.3568734660408,0.326688006456219,1.07632498656417,0.803528622661652,0.607893009133453,-0.598573611418587,-0.633746505019514,0.607893009133453,-1.08674732803631,-0.934580176756257,-0.192566367252351,0.103556667090401,1.42813080620256,-0.508354641706137,0.798880112528973,-0.633746505019514,-1.99347999543883,0.101638946931896,-0.192566367252351,-1.66863793578709,-0.304606073283815,-0.934580176756257,-0.0795028757675149,0.18191128006485,1.62545709835741,-0.415544256605086,2.14240777125583,0.236888415997984,1.18664408095808,0.326688006456219,0.704985455670497,1.52620464695363,0.667953936369135,-0.215361588592003,-0.553731877970294,1.42813080620256,-0.730012062250789,0.622698958602132,2.03287940921727,0.667953936369135,2.13705205749936,1.214457741367,-2.11590288557487,-0.484223707084452,0.598096866109688,0.771804861594538,1.66105922617213,-1.0276262981408,1.01789891167459,-0.167426174936136,0.326688006456219,1.53624750295187,1.21020602464115,-0.946200530299522,-0.22331790890415,1.73158351971506,1.12645719769123,-1.08674732803631,-0.100622042656613,1.34607041622523,-1.48288457081056,-0.006518932734964,-0.640653189572147,-1.3430886585682,1.53624750295187,1.23586272436922
"protein refolding",0.348421012824021,-0.222662850760118,1.0195653686049,-0.86358554938327,0.711060008013939,0.707008767926122,0.73568407091479,0.440252767503269,1.6170731557822,-0.185588314725209,0.161428939776905,2.41449024336027,-0.508671458071454,0.505857802659917,-0.000918355768875834,0.453703083186514,0.292525603154249,0.329425728187764,-0.787876985733708,0.595182993042416,3.83159470863644,0.54653447517071,0.156957036746746,0.110706529430178,0.506010846963826,0.939435388976611,-1.13244969754723,0.466277391676786,-0.399899159855477,0.774848309343367,0.5925903800722,-0.11031511559936,1.41852702575251,1.83610855087088,-0.477332070015414,-0.0614581369131467,-0.939794634309487,0.175144253938184,0.294910414839927,-0.274235279688845,1.53408716041385,-0.49967580911192,-2.01869240328043,-0.748814147389868,2.05276257846986,-0.336652209705187,-0.468914108276408,0.547156348456296,-0.343338087760854,-0.0455796209044799,0.388869141085797,-0.763997143439131,-1.03411319262882,0.235892576979614,0.719590448201475,0.370641307625439,0.0966622593700455,-0.147656360671621,0.0199591618580065,-0.00608310123541599,0.43208015722418,-1.40690560739647,-0.418273585847734,0.00152943394960801,0.22451637997215,-1.35427321173819,1.90404585798874,-0.627667525802801,-0.261426400968388,0.754066334473297,-2.25765852105087,-1.56138938784671,-1.27229670097942,-0.266819490920735,-0.884518388141309,-0.149971515317746,0.834192236903074,-1.24366758294205,-0.80170205772535,-0.901899260547415,0.547088748313657,2.01746224912048,0.740062094495942,-2.23828443084885,-1.93366079674334,-0.00210369233308761,0.388343326639923,0.362746473053151,-1.51884264344346,-0.529969391024116,-1.61939374257651,0.769128264626022,0.392062811794754,0.449303704987267,-0.490652032067272,-0.717850876829722,0.327618030609851,-0.348588778067834,-1.07889946901489,-0.389296029944494,-0.962988740614704,0.84858617509557,0.824563344499626,-1.21054526386343,-0.936492546190686
"stress response to metal ion",0.756200584495634,1.34334282263909,0.487836245187369,0.969704687914071,-0.89589129707536,0.267863997528114,-1.19428551434604,-0.99914063466015,-1.44499812906521,-0.0216638915318849,-0.288136580979367,-1.68349769497099,-1.39074556660114,0.485996739122566,0.784091221953556,0.189198478636262,0.257444084604192,0.294277869342695,-0.18956290330764,-0.0594428513256454,-0.923911508382323,-0.442717110976746,0.472088202504939,1.22470083469127,0.205445493050783,0.611952959693411,0.593079527622923,0.880592800579446,1.34622214416249,0.28093209965346,0.451179388150548,0.375809496971373,-1.59382328574641,0.0229271989489888,0.0733533429829712,-0.549478224850306,-2.60518946181342,1.07173977593042,-0.74893168306475,0.732494087195433,-0.541776815227968,0.162450986609337,-0.175125212538397,-0.883830983743557,-1.06647922898708,-1.09597385380418,-1.25159727413568,-0.745551364247201,0.338219593350618,1.60089138853228,-0.808102006320205,0.661078224699237,0.911633840555374,0.690403544148835,0.267285343696096,0.869892152418014,-0.965662093830031,0.374411804550198,1.31693591215438,-0.148813323424159,0.616819651917025,0.796269962805459,-0.449594189398543,-1.35485364255325,1.11851477524111,-1.06032978201483,0.0687964746704034,-0.589347338133955,0.417476109265946,-1.0402068474589,1.14549601960519,-0.0502400074237327,1.3471355461485,0.865789023461412,-1.63097616006643,0.764750173897774,-1.00702658361531,-1.34083319821969,0.302209793405722,-1.35367429947399,-2.60538894500475,0.528729447713694,1.92607353204804,1.39452362694166,-0.75395358942707,0.253256496757117,0.269903034675238,-1.73033492413686,1.28002711959201,0.837576665917974,-0.790357616268557,0.0602258936462759,0.429301689523879,-1.19381832842414,-2.41456859744863,1.64831663758967,0.478171984726057,0.45456964626145,-0.0589881387667651,1.11308184746322,0.176378376564377,1.24470586872854,1.50927420025836,-1.22442536911151,0.944195578800284
