"","MHC class II protein complex assembly","peptide antigen assembly with MHC class II protein complex","MHC protein complex assembly","peptide antigen assembly with MHC protein complex","CD4-positive, CD25-positive, alpha-beta regulatory T cell differentiation","mitotic spindle midzone assembly","mitotic spindle elongation","positive regulation of mitotic cell cycle spindle assembly checkpoint","regulation of attachment of mitotic spindle microtubules to kinetochore","attachment of mitotic spindle microtubules to kinetochore","cytoplasmic translation","ribosomal small subunit biogenesis","ribosome assembly","ribosomal large subunit biogenesis","translational elongation","stress response to copper ion","negative regulation of stress-activated protein kinase signaling cascade","protein refolding","stress response to metal ion","label"
"Sample1",0,0,0,0,-0.448718631677941,-0.236454657606364,-0.236454657606364,-0.207969572742167,-0.209245674803019,-0.254331289464233,0.475112391427186,0.361256958676814,0.109641558729948,0.0993719721477037,0.191193982198272,-0.304487063281957,-0.313774543848209,-0.220751379175174,-0.304487063281957,0
"Sample2",0,0,0,0,-0.466752409872378,-0.232235272876882,-0.232235272876882,-0.293169834556776,-0.254632616038143,-0.314394970642758,0.475580843286334,0.362991552596386,0.151410964178671,0.0942117554676216,0.223139277514235,-0.319376626152088,-0.216452274555252,-0.233631182703334,-0.319376626152088,0
"Sample3",0,0,0,0,-0.266975656386086,-0.321313845719553,-0.321313845719553,-0.343684921517586,-0.338333664130844,-0.39739512321439,0.479381990571136,0.367263305907983,0.097177974865965,0.105659272128584,0.234952613045506,-0.270959733794838,-0.349281683871574,-0.134685167298614,-0.270959733794838,0
"Sample4",0,0,0,0,-0.302299235729732,-0.335371340463196,-0.335371340463196,-0.334550910001506,-0.328966589223452,-0.323968587244623,0.466617831368585,0.35818274437523,0.133158693889293,0.0328827332526913,0.279510216676546,-0.167267913016182,-0.33735450830603,-0.221402457049456,-0.167267913016182,0
"Sample5",0,0,0,0,-0.491051896680698,-0.241484899189612,-0.241484899189612,-0.263323224708025,-0.246342226428737,-0.369958310189553,0.473482068264593,0.190663388914519,0.00615596240791252,0.000190524733275332,0.26274173899273,-0.0464594187763627,-0.279193933546216,-0.192406422716172,-0.0464594187763627,0
"Sample6",0,0,0,0,-0.43518408114441,-0.29074275213845,-0.29074275213845,-0.330651908604175,-0.316078021814504,-0.375073706867784,0.47149156369654,0.296351609723862,0.060544935963361,0.040364789108616,0.344819154270015,-0.276944383892677,-0.255983198575516,-0.15009934291515,-0.276944383892677,0
"Sample7",0,0,0,0,-0.288753310819669,-0.337059545294992,-0.337059545294992,-0.350369117961971,-0.342656079966662,-0.420289919417755,0.485168054946103,0.329626457432802,0.010891161898065,0.0291659005661832,0.249705493911626,-0.127276797071574,-0.342697395859017,-0.154038224412553,-0.127276797071574,1
"Sample8",0,0,0,0,-0.183260328826533,-0.371955321381681,-0.371955321381681,-0.348166247894999,-0.347447635401134,-0.396576618727281,0.486143320949916,0.361075660805479,0.106929584690273,0.0829430194013671,0.211589719494555,-0.0711008612778202,-0.45930515395203,-0.209650974876026,-0.0711008612778202,1
"Sample9",0,0,0,0,-0.287987634688295,-0.26824816575799,-0.26824816575799,-0.268431948532128,-0.243443702310712,-0.351717609259029,0.47299979834654,0.201743194090034,0.0713102506000236,0.0483584422774133,0.336944447002947,-0.136377807404894,-0.152160342105696,-0.262366680669459,-0.136377807404894,0
"Sample10",0,0,0,0,-0.206575166099322,-0.300637269416089,-0.300637269416089,-0.325442234490724,-0.312837546250601,-0.363200088651378,0.48421420010311,0.353694901503977,0.0943057014116444,0.0797841114240625,0.225575937712499,-0.112405428525111,-0.303946070648518,-0.288670867143032,-0.112405428525111,0
"Sample11",0,0,0,0,-0.384426357571948,-0.302131044652196,-0.302131044652196,-0.268942724331644,-0.254419031686418,-0.363995969867653,0.48992412680081,0.272234876475507,0.00518010594494186,0.0286494215336131,0.255571896413707,-0.133572052418265,-0.201482310973817,-0.164996362475471,-0.133572052418265,0
"Sample12",0,0,0,0,-0.342442254553578,-0.288127812472037,-0.288127812472037,-0.315320725723017,-0.277163040677999,-0.399536215731286,0.474534892627135,0.270821362608272,0.0590174504496024,0.0563191948296393,0.312286999857082,-0.174054680506749,-0.313774543848209,-0.117893352344611,-0.174054680506749,0
"Sample13",0,0,0,0,-0.498437105581124,-0.28881713682636,-0.28881713682636,-0.310553967526332,-0.264945271656267,-0.381533977759651,0.485011532301635,0.266012171348024,0.0782433906269428,0.0620692639783615,0.253213328829618,-0.152953058997446,-0.321320037026952,-0.088681477421379,-0.152953058997446,1
"Sample14",0,0,0,0,-0.290305747146682,-0.34806698018499,-0.34806698018499,-0.37251158846827,-0.403408991926094,-0.428443764920705,0.47369167963281,0.347254161128897,0.115734029264475,0.13932352882777,0.235570063630236,-0.116399142893442,-0.42035326288287,-0.151874388610468,-0.116399142893442,0
"Sample15",0,0,0,0,-0.481883022057371,-0.233782744622829,-0.233782744622829,-0.299867122263336,-0.236669581071812,-0.331763427515141,0.449507381328105,0.254132000902788,0.0373628462717046,0.0426043754574223,0.402523824871072,-0.292019241030528,-0.256133513441923,-0.178554758017548,-0.292019241030528,0
"Sample16",0,0,0,0,-0.386038771359396,-0.290550492779583,-0.290550492779583,-0.322182723079431,-0.312049449977406,-0.351535042602042,0.482536778583694,0.355236343028354,0.0922597791480207,0.107721715657893,0.228684694183028,-0.10684939119585,-0.35337399221178,-0.272064704938727,-0.10684939119585,1
"Sample17",0,0,0,0,-0.482669317359608,-0.310026321050766,-0.310026321050766,-0.306417353656019,-0.291844799119989,-0.348519685610141,0.479569093190998,0.270586545206301,0.0952594309798027,0.0330843363120244,0.261389564062887,-0.28534378908014,-0.25442458183725,-0.118724055629616,-0.28534378908014,1
"Sample18",0,0,0,0,-0.473577868629533,-0.275517533934543,-0.275517533934543,-0.295666040888353,-0.263213231004145,-0.329828131308181,0.466717870021098,0.328542857380137,0.176787288851592,0.117891494389645,0.276190051414749,-0.163805155271125,-0.279193933546216,-0.20234676356413,-0.163805155271125,0
"Sample19",0,0,0,0,-0.275531888288095,-0.357079136413808,-0.357079136413808,-0.337512835027445,-0.350787911037931,-0.41028329474172,0.479003304056582,0.355236293256901,0.106958483001376,0.0812247564513263,0.231285732967332,-0.073627392008416,-0.394891471399315,-0.186024186754233,-0.073627392008416,0
"Sample20",0,0,0,0,-0.375220733707882,-0.339364562686494,-0.339364562686494,-0.336574287652918,-0.354620682246643,-0.431008461098643,0.482459137806983,0.314943711999921,0.0356000025466893,0.0762921994258928,0.264377009425631,-0.173999316715145,-0.330433127054316,-0.119118569672891,-0.173999316715145,1
"Sample21",0,0,0,0,-0.479397651671011,-0.261155365928829,-0.261155365928829,-0.318611261626297,-0.29555238244591,-0.351693055414332,0.476624964247977,0.301952603000986,0.11751281999905,0.120613825854568,0.257285056602713,-0.213865701566867,-0.287975837083924,-0.188560209869698,-0.213865701566867,0
"Sample22",0,0,0,0,-0.200126262162025,-0.312536215910694,-0.312536215910694,-0.331035417038609,-0.289280961815266,-0.403558981679284,0.49321723685803,0.289661923983645,0.0620114982028205,-0.022323160314869,0.282216488295596,-0.140612329436214,-0.33735450830603,-0.145891408475022,-0.140612329436214,0
"Sample23",0,0,0,0,-0.168759075264973,-0.286309723765818,-0.286309723765818,-0.302575747518641,-0.299802054272477,-0.355577925785089,0.474100999004429,0.350985082455778,0.114892125930926,0.0890152139890363,0.227358812249109,-0.123443084085184,-0.270331783590401,-0.324973786660026,-0.123443084085184,0
"Sample24",0,0,0,0,-0.23469106285,-0.275807258188767,-0.275807258188767,-0.269012084742394,-0.253233424898818,-0.313412303103091,0.465149198091344,0.325921683392325,0.0743536204565783,0.0717346882966717,0.267050730641399,-0.242643475532497,-0.249841602196436,-0.228699755085172,-0.242643475532497,0
"Sample25",0,0,0,0,-0.491446693869969,-0.276733031205449,-0.276733031205449,-0.253687643750075,-0.238069741264617,-0.340430170230104,0.487941348110801,0.280414939284301,0.0146814529193133,0.049943324401306,0.285339281002033,-0.313893215950924,-0.199281121771573,-0.116326138348418,-0.313893215950924,1
"Sample26",0,0,0,0,-0.497105345791528,-0.20558468115352,-0.20558468115352,-0.244022922469854,-0.195151529193108,-0.321017463449567,0.467816648698973,0.18706063326114,0.0278150595606255,-0.0228376348864809,0.397878044100177,-0.329255873029068,-0.13669349981792,-0.187818893144371,-0.329255873029068,0
"Sample27",0,0,0,0,-0.474713743455817,-0.224926592156533,-0.224926592156533,-0.248153102794206,-0.225068222203904,-0.31659051210126,0.449679870221307,0.28198751799541,0.125847885955316,0.0986943467635601,0.281523911601157,-0.295222363268996,-0.143685932137132,-0.145095551044848,-0.295222363268996,1
"Sample28",0,0,0,0,-0.333603394839922,-0.292896407317602,-0.292896407317602,-0.372245239123742,-0.355990629575948,-0.378393473667284,0.427692696786386,0.188896081804497,0.0396472025966183,0.15618910176677,0.450550228437086,-0.33788061599164,-0.298198035212834,-0.0304955373394319,-0.33788061599164,1
"Sample29",0,0,0,0,-0.415162865422856,-0.272860775799465,-0.272860775799465,-0.330104741155729,-0.294700011004811,-0.325199041497214,0.462435237546091,0.313062405014736,0.119986922977835,0.168129320220013,0.235510295457403,-0.201700440990864,-0.33735450830603,-0.206040617356697,-0.201700440990864,1
"Sample30",0,0,0,0,-0.418071607086301,-0.302315315314246,-0.302315315314246,-0.327190071293871,-0.337936128157429,-0.374363308277871,0.485344752920746,0.230427601071288,0.0269482391774863,0.0664837016366309,0.319451555175221,-0.227195715765378,-0.293011098746051,-0.172247710199371,-0.227195715765378,1
"Sample31",0,0,0,0,-0.476775323013894,-0.180739610259003,-0.180739610259003,-0.315109941684335,-0.283427073490965,-0.302383158448278,0.403529314170833,0.251077991498753,0.132963009791496,0.109950321506939,0.305195601054514,-0.360699509661299,-0.281604302887475,0.0471577817868844,-0.360699509661299,1
"Sample32",0,0,0,0,-0.374026234029413,-0.256334040420268,-0.256334040420268,-0.309426755294814,-0.261607535732827,-0.266299771711169,0.446495416282987,0.199164779918743,0.0293333131639757,0.155165651292749,0.389257686834662,-0.3326899002372,-0.249841602196436,-0.237502795463262,-0.3326899002372,1
"Sample33",0,0,0,0,-0.340186902977102,-0.323894421470001,-0.323894421470001,-0.365998046422867,-0.352126486976449,-0.386484038358133,0.467739443049967,0.283342583943526,-0.00258216179740708,0.0426576036571931,0.309064128549953,-0.153129057193241,-0.340015632688167,-0.138706863354714,-0.153129057193241,1
"Sample34",0,0,0,0,-0.275273542963708,-0.350139678057532,-0.350139678057532,-0.35358949809377,-0.3485343078755,-0.415831979209954,0.474085242325793,0.321395826379981,0.113924349254,0.0503625236594767,0.271713689150007,-0.0926117067506307,-0.296671400996796,-0.166104188568523,-0.0926117067506307,0
"Sample35",0,0,0,0,-0.472403799235321,-0.17340324422105,-0.17340324422105,-0.208142828456464,-0.191110843428405,-0.304362492039816,0.486693907864289,0.240545686323306,0.112606890791174,-0.0079690663360852,0.296429915118286,-0.301076749803918,-0.096173838494708,-0.319848388320685,-0.301076749803918,0
"Sample36",0,0,0,0,-0.415162865422856,-0.308057132332618,-0.308057132332618,-0.354443749893905,-0.341721428182975,-0.419093348218124,0.4486064918873,0.283973186032432,0.0917171250049733,0.102291296546706,0.329327983201662,-0.193045475645963,-0.245532380745885,-0.00254983217192924,-0.193045475645963,0
"Sample37",0,0,0,0,-0.45880745082868,-0.178360066179793,-0.178360066179793,-0.250127247085484,-0.221759475366512,-0.331495903382989,0.484463158346847,0.239858327682634,0.0986224717827419,-0.0692662959027518,0.320667716932085,-0.256014620376648,-0.17108857033702,-0.249090758357792,-0.256014620376648,0
"Sample38",0,0,0,0,-0.479397651671011,-0.271919894830567,-0.271919894830567,-0.286010246433809,-0.290307841437104,-0.321870225464491,0.464919235811776,0.359823483815912,0.13619169105089,0.116412998855602,0.29169615161163,-0.159684897078895,-0.238493703396014,-0.213425810381413,-0.159684897078895,0
"Sample39",0,0,0,0,-0.45930515395203,-0.259915563942623,-0.259915563942623,-0.282444001322666,-0.222324731087618,-0.325679206659895,0.46058913147448,0.310487858258439,0.119007052381251,0.0246266148421447,0.365232392917188,-0.29915145026633,-0.208841968085071,-0.114536054086858,-0.29915145026633,0
"Sample40",0,0,0,0,-0.491051896680698,-0.161986631518059,-0.161986631518059,-0.170163200403445,-0.155406581070356,-0.286486208368411,0.461315013625071,0.236774444602286,0.140634077015813,0.0910892172553431,0.221948611373377,-0.0900302255480099,-0.144473111930292,-0.407821004923555,-0.0900302255480099,0
"Sample41",0,0,0,0,-0.489052300658925,-0.238700070769377,-0.238700070769377,-0.245542569725877,-0.230148940346799,-0.296158928529496,0.468407808686567,0.34405355543901,0.154849133560603,0.122967361887134,0.242135352507309,-0.204434514520732,-0.211744575043608,-0.340017580541565,-0.204434514520732,0
"Sample42",0,0,0,0,-0.401290080660779,-0.287727655890036,-0.287727655890036,-0.293881376516381,-0.275171013554577,-0.368691487315302,0.485206883349822,0.345058924908659,0.103451606194799,0.0740732071964826,0.253111436962692,-0.070737985336512,-0.280980670070403,-0.311865429026262,-0.070737985336512,0
"Sample43",0,0,0,0,-0.265512773891567,-0.335662514569672,-0.335662514569672,-0.32975005999055,-0.323722610386863,-0.374841416498156,0.470359888055942,0.360339140569223,0.102891693901131,0.117194562508986,0.251331969020045,-0.11679171745859,-0.307502832137768,-0.213950995183281,-0.11679171745859,0
"Sample44",0,0,0,0,-0.465409946799632,-0.187721419602071,-0.187721419602071,-0.229947060781232,-0.182893495717206,-0.300621617386521,0.463250318377011,0.184027965472022,0.024833877900428,0.00680360811642613,0.419322399085295,-0.355674413218029,-0.152160342105696,-0.274103166910034,-0.355674413218029,0
"Sample45",0,0,0,0,-0.271592137370667,-0.313688098594147,-0.313688098594147,-0.292783585036824,-0.291230371864042,-0.399681245363153,0.492150747476636,0.298555408023233,0.040100821491433,-0.0316320155519191,0.216463392137671,-0.124608307977624,-0.315161155513044,-0.188057261495294,-0.124608307977624,1
"Sample46",0,0,0,0,-0.309015735958314,-0.298953097140199,-0.298953097140199,-0.275906523596793,-0.253191078258456,-0.368965255203203,0.485106626471383,0.35636895286337,0.111643388099623,0.0858761565913613,0.24568468526787,-0.126458799056585,-0.321320037026952,-0.202572215771466,-0.126458799056585,0
"Sample47",0,0,0,0,-0.439002764876068,-0.254780049379776,-0.254780049379776,-0.248816056854771,-0.241303249797022,-0.367538978988224,0.482589560561502,0.253922635919839,0.0664441285428773,0.0645782499584655,0.22777263594211,-0.295976866238462,-0.215291753659369,-0.106733308988228,-0.295976866238462,0
"Sample48",0,0,0,0,-0.491051896680698,-0.155236626385029,-0.155236626385029,-0.188546506947738,-0.161290727467317,-0.289203699099738,0.468584007278551,0.204512116828001,0.0961401404945056,0.0902301351941189,0.353068256795684,-0.32791444069885,-0.104758897703947,-0.309077495241179,-0.32791444069885,0
"Sample49",0,0,0,0,-0.489052300658925,-0.282309104668284,-0.282309104668284,-0.267122659058378,-0.266903263244807,-0.322649403961056,0.466783077798367,0.302893327883047,0.0495407873533841,0.0797881797479672,0.269219162697088,-0.170713218222033,-0.211744575043608,-0.266038425089422,-0.170713218222033,0
"Sample50",0,0,0,0,-0.45880745082868,-0.180687897501098,-0.180687897501098,-0.230118251849904,-0.182150908566843,-0.305481219299963,0.483041669792042,0.246656303013058,0.0948233088202188,0.0272225722645035,0.327421397276778,-0.329143037166145,-0.0965936303993004,-0.275795734642366,-0.329143037166145,0
"Sample51",0,0,0,0,-0.474713743455817,-0.192030170694865,-0.192030170694865,-0.215475424959174,-0.19520935321369,-0.313092807836659,0.467794169475311,0.166968653288275,0.12608981596924,0.0950207606875345,0.352046368656618,-0.448903185544802,-0.168908478194748,-0.134691750271981,-0.448903185544802,0
"Sample52",0,0,0,0,-0.464243659263965,-0.275405252317435,-0.275405252317435,-0.277397852864909,-0.214181081055926,-0.356786238094119,0.492362507590578,0.214454653762585,0.0442226883731431,0.0231460633226799,0.311119048266018,-0.181525787902815,-0.25442458183725,-0.143785745082107,-0.181525787902815,1
"Sample53",0,0,0,0,-0.312284499268736,-0.364732533049541,-0.364732533049541,-0.354294461913153,-0.373273069102846,-0.43188697657529,0.460375815724638,0.302057552159174,0.0296418425774563,0.0359017048849367,0.297573836674866,-0.149040525082694,-0.429949021833543,0.00849477591573727,-0.149040525082694,0
"Sample54",0,0,0,0,-0.415162865422856,-0.309011663408872,-0.309011663408872,-0.356715870115678,-0.381882846410196,-0.37385501123339,0.481239630595535,0.287823092439545,0.0477520725461735,0.0982031241835853,0.25215683018117,-0.174996261443975,-0.328675481054506,-0.159481378506436,-0.174996261443975,1
"Sample55",0,0,0,0,-0.342416394399215,-0.302819263546395,-0.302819263546395,-0.33818299022864,-0.367351246228687,-0.391836230298311,0.463918230013074,0.23900891020726,0.0367452448731099,0.110637103934006,0.393048000731313,-0.171472119946246,-0.299563209968391,-0.155888005314834,-0.171472119946246,1
"Sample56",0,0,0,0,-0.42522740760702,-0.223981779935125,-0.223981779935125,-0.277568287639065,-0.225001669765106,-0.291225646492136,0.472323450696692,0.233120626318807,0.0220105125256646,0.106467373702454,0.339569083866573,-0.217764494115662,-0.231284414409057,-0.264692124961127,-0.217764494115662,1
"Sample57",0,0,0,0,-0.418071607086301,-0.324060028060151,-0.324060028060151,-0.339484089064456,-0.322526981296134,-0.342951600579061,0.454057259569997,0.232966253892478,0.0558218284715115,0.140785338132908,0.341370265246044,-0.205315013886249,-0.330433127054316,-0.130008281868507,-0.205315013886249,1
"Sample58",0,0,0,0,-0.390595130548777,-0.30273780850725,-0.30273780850725,-0.299022155763509,-0.301980554029938,-0.340759035903354,0.37555805487967,0.162565432768232,0.0590659276935794,0.160851441119552,0.411934551026024,-0.288024675395328,-0.29641981882328,0.185156912971346,-0.288024675395328,1
"Sample59",0,0,0,0,-0.358323944808244,-0.246620195338613,-0.246620195338613,-0.32819186022154,-0.284216181096151,-0.372392319885746,0.477104768559992,0.214893094454856,-0.0524578267772682,0.0104727247629323,0.338785996689943,-0.241985498145121,-0.309015735958314,-0.134745725976694,-0.241985498145121,1
"Sample60",0,0,0,0,-0.476775323013894,-0.273999895315875,-0.273999895315875,-0.305769918357904,-0.280313532625322,-0.325011258861125,0.453028797208255,0.22964659607356,0.058453023342803,0.146346125750904,0.384859824720719,-0.154459782542668,-0.338265335614541,-0.172683188844753,-0.154459782542668,1
"Sample61",0,0,0,0,-0.308639109362304,-0.323362913294931,-0.323362913294931,-0.363606919339136,-0.375392385280422,-0.370027689274216,0.456781360636981,0.196273617423245,0.0360409724945735,0.0612772492332537,0.447582844952203,-0.0824521561846112,-0.402986161826703,-0.177187112149577,-0.0824521561846112,1
"Sample62",0,0,0,0,-0.428585657721311,-0.323065534464174,-0.323065534464174,-0.356956729218158,-0.32201389616912,-0.415935222247183,0.487742110448529,0.325582295580089,0.0282698978603379,0.0096657408875041,0.287298553747169,-0.179971324300476,-0.255983198575516,-0.13869195973858,-0.179971324300476,1
"Sample63",0,0,0,0,-0.469531886079117,-0.265069357410208,-0.265069357410208,-0.288111497264929,-0.261115826778044,-0.344971644753476,0.454440517716808,0.252830930711594,0.00534855838471209,0.00598090811510331,0.274706610395617,-0.0153470067768811,-0.302054638158836,-0.115899801783043,-0.0153470067768811,0
"Sample64",0,0,0,0,-0.481883022057371,-0.201650652917406,-0.201650652917406,-0.230402354889908,-0.179878095635084,-0.290627288240953,0.469538819365349,0.271403486650736,0.0449848256488612,0.0646895740836346,0.240619837576221,-0.0662040417516605,-0.217220116475974,-0.405934335534755,-0.0662040417516605,0
"Sample65",0,0,0,0,-0.487070495348706,-0.231548995059043,-0.231548995059043,-0.211816617238971,-0.199836997881244,-0.245137056230613,0.462514352774912,0.371219872768276,0.162598973969777,0.15961567625685,0.186599198758925,-0.271763632461235,-0.203604525056552,-0.376269763955961,-0.271763632461235,0
"Sample66",0,0,0,0,-0.386038771359396,-0.324123580448919,-0.324123580448919,-0.354822040303089,-0.339850762252683,-0.420947717362913,0.471680753906415,0.292865946592314,0.111618057089712,0.10222443128124,0.298350670667807,-0.141077959350264,-0.296671400996796,-0.0964846195619109,-0.141077959350264,1
"Sample67",0,0,0,0,-0.464243659263965,-0.25773208864315,-0.25773208864315,-0.31807789995094,-0.269483435646589,-0.339584017178369,0.469935421209327,0.251023735570133,0.0450725716628118,-0.00876810951477314,0.280737521006571,-0.175396916772013,-0.133902931516016,-0.188172690823216,-0.175396916772013,0
"Sample68",0,0,0,0,-0.402619413766501,-0.309293363192264,-0.309293363192264,-0.266382357112451,-0.261869638029497,-0.303526127169432,0.479042112935468,0.361462714657193,0.156162185772814,0.135991958195085,0.176923800549281,-0.142883710392042,-0.312284499268736,-0.298246979966734,-0.142883710392042,1
"Sample69",0,0,0,0,-0.215291753659369,-0.347626116076006,-0.347626116076006,-0.351360725553336,-0.360996954363322,-0.43114856950242,0.491325226820199,0.339132948315036,0.0416485797798582,0.0245699082256015,0.278834567393433,-0.173804228008497,-0.344647655454483,-0.150150547281852,-0.173804228008497,0
"Sample70",0,0,0,0,-0.491051896680698,-0.140932621694542,-0.140932621694542,-0.206791115133823,-0.187098383809547,-0.316028504903149,0.441232401192408,0.187675984238973,0.0330873440275859,0.0693484614218263,0.359293451942017,-0.365180749482673,-0.184315165189792,-0.152643195948612,-0.365180749482673,0
"Sample71",0,0,0,0,-0.395618345849808,-0.236487855032894,-0.236487855032894,-0.25242070720882,-0.21719423086705,-0.311970892520363,0.47071109409021,0.357999273379754,0.145115319729345,0.117487160473211,0.21667920384434,-0.0771587100204955,-0.277223393354167,-0.335874333585363,-0.0771587100204955,0
"Sample72",0,0,0,0,-0.342442254553578,-0.254760194299869,-0.254760194299869,-0.248061240461928,-0.230594086530971,-0.354533420866266,0.485217079784585,0.282084856419359,0.0415159694125598,0.0326582989551446,0.255571896413707,-0.119490987725642,-0.238493703396014,-0.239576810693267,-0.119490987725642,0
"Sample73",0,0,0,0,-0.465409946799632,-0.147748164892223,-0.147748164892223,-0.198100242699363,-0.151687464202244,-0.288639960648371,0.472279003939224,0.204815244261631,0.0925237507958137,0.120704497369945,0.355457725883494,-0.275246656065443,-0.143685932137132,-0.345666105935258,-0.275246656065443,0
"Sample74",0,0,0,0,-0.50678276314197,-0.201867038677205,-0.201867038677205,-0.277929963259336,-0.228746117368819,-0.365591663135693,0.450996064449491,0.16823620291791,0.105272775548162,-0.0147195095283272,0.392172029432608,-0.19386548207379,-0.169241736532159,-0.113069307403061,-0.19386548207379,0
"Sample75",0,0,0,0,-0.498437105581124,-0.264853996717548,-0.264853996717548,-0.287884511649915,-0.26999117273147,-0.357312422596075,0.488833491504221,0.24858997336896,0.0416711752258028,0.0248587418070757,0.282471130505252,-0.158553462489222,-0.338265335614541,-0.149788339884728,-0.158553462489222,0
"Sample76",0,0,0,0,-0.272032014081002,-0.35886828608664,-0.35886828608664,-0.379056592637584,-0.378498400317384,-0.443369016179772,0.484160160163163,0.31234914589194,0.0222712055252905,0.0371037009429922,0.26572953762442,-0.115375338293778,-0.37650208239366,-0.142561245626053,-0.115375338293778,1
"Sample77",0,0,0,0,-0.475387496625405,-0.256653416417229,-0.256653416417229,-0.292965399775254,-0.237976404462626,-0.339037662906541,0.4641241278718,0.292545166237129,0.115191114658165,0.060724750001088,0.287012335709321,-0.0708253767861243,-0.224926614786369,-0.2269104340541,-0.0708253767861243,1
"Sample78",0,0,0,0,-0.405001866213947,-0.267691057581687,-0.267691057581687,-0.285485146796972,-0.273114199608384,-0.34749031878943,0.47946269536438,0.332972980010413,0.111131009154872,0.0339528688790487,0.210422670651317,-0.313848517060864,-0.281604302887475,-0.144214161182772,-0.313848517060864,0
"Sample79",0,0,0,0,-0.465409946799632,-0.175034941144374,-0.175034941144374,-0.238666909113029,-0.186963431316645,-0.288400994802474,0.460887725089799,0.229301946703629,0.0588724916128299,0.105930814002722,0.36656412350745,-0.430646090592224,-0.128375091744774,-0.235748044706383,-0.430646090592224,0
"Sample80",0,0,0,0,-0.491051896680698,-0.182073617127525,-0.182073617127525,-0.262958593615672,-0.232311242472297,-0.327642979531636,0.447855637952401,0.1808376133503,0.0603480874682388,-0.0245989522402846,0.354466656559493,-0.0419219190480605,-0.175806142542506,-0.257872908434916,-0.0419219190480605,0
"Sample81",0,0,0,0,-0.386038771359396,-0.30862671429181,-0.30862671429181,-0.345386932114329,-0.329914871060251,-0.393815809142318,0.489658780036616,0.325626253083989,0.0850348286606255,0.06096090017967,0.240962079133763,-0.153877705258436,-0.349281683871574,-0.156064040816315,-0.153877705258436,0
"Sample82",0,0,0,0,-0.223682438548305,-0.317841929225456,-0.317841929225456,-0.351492763452262,-0.324191945915874,-0.390625604914961,0.47862683628803,0.315484230977543,0.106943577820083,0.0938025179500225,0.289695253896622,-0.156135903296381,-0.271987147505447,-0.221913774823294,-0.156135903296381,0
"Sample83",0,0,0,0,-0.487070495348706,-0.151928930731342,-0.151928930731342,-0.22125485677376,-0.162890388703276,-0.298126897458587,0.47211885247441,0.187838957990418,0.137601488152494,0.0964747808456346,0.293867013367434,-0.20527150840861,-0.158592404939253,-0.293032202091659,-0.20527150840861,0
"Sample84",0,0,0,0,-0.439002764876068,-0.319163537772876,-0.319163537772876,-0.353314267731755,-0.308091728422883,-0.410048339784508,0.479936495545544,0.234302397029993,-0.0259037154499297,7.73001761001258e-05,0.362385756386908,-0.172749001513396,-0.207902265798275,-0.112512283400476,-0.172749001513396,1
"Sample85",0,0,0,0,-0.360682296743921,-0.325548360618851,-0.325548360618851,-0.333456277832402,-0.316228055369647,-0.372912838841568,0.482536778583694,0.366339290839126,0.0925380848578742,0.0858053559953828,0.215624433242889,-0.0931315123142498,-0.380331739043622,-0.225877890052295,-0.0931315123142498,0
"Sample86",0,0,0,0,-0.449310649268679,-0.275954035417282,-0.275954035417282,-0.294905458703394,-0.287916157588387,-0.373677016866908,0.473715225245425,0.187500019845147,0.00973367942592773,0.00434429583217834,0.355103277942326,-0.156460272605195,-0.262143863824086,-0.130260753260811,-0.156460272605195,1
"Sample87",0,0,0,0,-0.405001866213947,-0.292534665364867,-0.292534665364867,-0.29608067747934,-0.267274581306683,-0.346782758121304,0.487686092959051,0.34367457378722,0.164654402895025,0.0445114921175019,0.248489067637423,-0.163671428425038,-0.302054638158836,-0.198710433636742,-0.163671428425038,1
"Sample88",0,0,0,0,-0.429949021833543,-0.242471687124194,-0.242471687124194,-0.306635981114328,-0.280887661422869,-0.342346683502924,0.466855532100473,0.331190768068686,0.136428674626677,0.131644910969234,0.320493698194663,-0.182752375233914,-0.264611151412614,-0.281744692803438,-0.182752375233914,0
"Sample89",0,0,0,0,-0.340186902977102,-0.352850731221989,-0.352850731221989,-0.380282128490719,-0.3736403704748,-0.425415512648175,0.465533960246166,0.277544781713981,0.00460617893394334,0.062775875713636,0.28248786323724,-0.0805381370004643,-0.314315904046794,-0.10533161206781,-0.0805381370004643,0
"Sample90",0,0,0,0,-0.386038771359396,-0.355241167721616,-0.355241167721616,-0.3762732184354,-0.417938730905743,-0.449172029625798,0.476289679465865,0.346899413592638,0.111019689906695,0.0475909222216103,0.239292308428628,-0.0552250652445058,-0.369374246742335,-0.107670980711452,-0.0552250652445058,0
"Sample91",0,0,0,0,-0.491051896680698,-0.19179276762516,-0.19179276762516,-0.24748456359072,-0.235389055129281,-0.335292941868148,0.434967729286962,0.16624731297844,0.0746248041197112,0.11489735386379,0.281657434702698,-0.352119742225607,-0.183260328826533,-0.0498301694117367,-0.352119742225607,1
"Sample92",0,0,0,0,-0.50678276314197,-0.241568334402371,-0.241568334402371,-0.25244969329715,-0.244184642610873,-0.335748011825493,0.416451244389027,0.204309776599481,0.0484539034336574,0.0804168979138132,0.331147738621113,-0.197434104704536,-0.200126262162025,-0.00916563897164174,-0.197434104704536,1
"Sample93",0,0,0,0,-0.465409946799632,-0.165470626662643,-0.165470626662643,-0.187198027818512,-0.149652834830637,-0.269856774022062,0.47751220246556,0.240310253385608,0.0800428328111747,0.0479543076649548,0.278602736892315,-0.316776903132912,-0.143685932137132,-0.305852008787876,-0.316776903132912,0
"Sample94",0,0,0,0,-0.394753764781062,-0.274849589334418,-0.274849589334418,-0.310452023350748,-0.306116017461489,-0.343054447865265,0.476974656029418,0.261691753674678,-0.0109698158704677,0.0750581091481955,0.328376008755723,-0.192609488716191,-0.335813107875573,-0.234450932718094,-0.192609488716191,1
"Sample95",0,0,0,0,-0.369147825062187,-0.19361322684078,-0.19361322684078,-0.330864004938984,-0.238550880021864,-0.347654441232739,0.47872761499205,0.218665043215449,0.0433879339311659,0.0930557988559305,0.30985211852761,-0.252200068122567,-0.261394750158441,-0.193952689394026,-0.252200068122567,1
"Sample96",0,0,0,0,-0.442535929067675,-0.20721654184815,-0.20721654184815,-0.300772757581356,-0.22700862570078,-0.227383635679827,0.491451265180523,0.293204819633476,0.0371505479213906,0.0629631741758159,0.246503479208053,-0.44888409961601,-0.281604302887475,-0.279486026207468,-0.44888409961601,1
"Sample97",0,0,0,0,-0.444814911906075,-0.289918117170514,-0.289918117170514,-0.338871108813661,-0.313101517043655,-0.37873715565802,0.469089106103653,0.231497883290673,0.0291474099631946,0.124339065562865,0.318533292941972,-0.0970869926137947,-0.303946070648518,-0.170912098404647,-0.0970869926137947,1
"Sample98",0,0,0,0,-0.415162865422856,-0.212305718145939,-0.212305718145939,-0.299642529816428,-0.252427567011225,-0.314079220721116,0.44343863722448,0.224642366725837,0.0890608500614643,0.152282898780298,0.436287495213752,-0.271283152143103,-0.281604302887475,-0.159249143022937,-0.271283152143103,1
"Sample99",0,0,0,0,-0.247326285956783,-0.322126476630307,-0.322126476630307,-0.307482026094784,-0.356305500598111,-0.395782764920143,0.493073451542184,0.323145628216431,0.0782159030928038,0.0791375022116849,0.198385922572783,-0.129544960701637,-0.370454728419753,-0.214673152534502,-0.129544960701637,1
"Sample100",0,0,0,0,-0.454713132910913,-0.269175694010913,-0.269175694010913,-0.333968719933881,-0.295218977170383,-0.352249786842061,0.460457560167028,0.237014450758415,0.0114738012930539,-0.0487430335074875,0.29136705328921,-0.251463221300179,-0.238493703396014,-0.0385768013125007,-0.251463221300179,1
"Sample101",0,0,0,0,-0.482669317359608,-0.301209250165252,-0.301209250165252,-0.301611593033833,-0.2736557885304,-0.348855479705813,0.48385983375475,0.237150063701129,-0.0354346917014535,0.0324442552737345,0.24956798776628,-0.109290023094967,-0.167230711422502,-0.279164465375042,-0.109290023094967,0
"Sample102",0,0,0,0,-0.487070495348706,-0.248888855979859,-0.248888855979859,-0.305377735685595,-0.230839316754888,-0.300486248336559,0.464142906126204,0.194372848155778,0.0800917688542867,0.123354931427499,0.341035363787071,-0.184084904411789,-0.179735608781253,-0.236626789656157,-0.184084904411789,1
"Sample103",0,0,0,0,-0.489052300658925,-0.242911984936566,-0.242911984936566,-0.285639953797897,-0.263745317567203,-0.284706408658754,0.468564537682213,0.225453855412936,0.00885382426789398,0.120377853125885,0.356016105774947,-0.216383140949473,-0.20111795114974,-0.384550231707539,-0.216383140949473,1
"Sample104",0,0,0,0,-0.475387496625405,-0.255807134006059,-0.255807134006059,-0.271954474037091,-0.286422720604265,-0.27559486012218,0.44316223336214,0.276157878312593,0.130280628241716,0.139298994753649,0.31492242824646,-0.284189895962994,-0.216452274555252,-0.26088814446065,-0.284189895962994,1
"Sample105",0,0,0,0,-0.489052300658925,-0.233457630766963,-0.233457630766963,-0.287788282110052,-0.25389058982504,-0.320096987444556,0.424744127000588,0.219767182489298,0.0684492364696985,0.0387206538418633,0.34037068683181,-0.301665109686478,-0.311017619810416,0.0119323593120962,-0.301665109686478,1
