ID,Description,GeneRatio,BgRatio,RichFactor,FoldEnrichment,zScore,pvalue,p.adjust,qvalue,geneID,Count,cluster,category
GO:0140014,mitotic nuclear division,45/97,282/18986,0.159574468085106,31.2338232068436,36.6553238637868,7.29020319863127e-57,1.87358222204824e-54,1.38897555679185e-54,NEK2/CCNB1/DLGAP5/PLK1/CDC20/UBE2C/MKI67/CENPF/TPX2/BIRC5/CDCA8/AURKA/KIF2C/CENPE/ANLN/CDK1/KIF14/BUB1/SKA1/SPAG5/PRC1/NCAPG/NDC80/CDC25C/UBE2S/NUF2/TTK/KIF4A/NCAPH/MAD2L1/NUSAP1/KIF23/AURKB/KIFC1/KIF11/REEP4/PSRC1/SPC25/KNSTRN/SKA3/SPC24/RACGAP1/CDCA2/KIF18A/CDCA5,45,16,Proliferation
GO:0000070,mitotic sister chromatid segregation,38/97,194/18986,0.195876288659794,38.339249654586,37.459901756681,3.99726374900592e-51,6.84864522329681e-49,5.07722623557945e-49,NEK2/CCNB1/DLGAP5/PLK1/CDC20/UBE2C/CENPF/TPX2/BIRC5/CDCA8/KIF2C/CENPE/CDK1/KIF14/BUB1/SKA1/SPAG5/PRC1/NCAPG/NDC80/NUF2/TTK/KIF4A/NCAPH/MAD2L1/NUSAP1/KIF23/AURKB/KIFC1/KIF11/PSRC1/SPC25/KNSTRN/SKA3/SPC24/RACGAP1/KIF18A/CDCA5,38,16,Proliferation
GO:0044772,mitotic cell cycle phase transition,36/97,467/18986,0.0770877944325482,15.0885450009934,22.090345200086,3.9678529521442095e-33,3.1376560267725e-31,2.3260935525120703e-31,CCNB1/CCNB2/DLGAP5/PLK1/CDC20/UBE2C/GTSE1/CENPF/CDKN3/BIRC5/CDCA8/AURKA/CCNA2/CENPE/ANLN/CDK1/KIF14/BUB1/SKA1/NDC80/TACC3/CDC25C/UBE2S/NUF2/TTK/CKS2/MAD2L1/AURKB/CDKN2C/CKS1B/FOXM1/IQGAP3/SPC25/SKA3/SPC24/CDCA5,36,16,Proliferation
GO:0007088,regulation of mitotic nuclear division,24/97,121/18986,0.198347107438017,38.8228678537957,29.9092429398745,4.29290082481694e-32,3.1522157485084398e-30,2.33688736629133e-30,NEK2/CCNB1/DLGAP5/PLK1/CDC20/UBE2C/MKI67/CENPF/BIRC5/CDCA8/AURKA/BUB1/SKA1/NDC80/CDC25C/NUF2/TTK/MAD2L1/NUSAP1/AURKB/SPC25/SKA3/SPC24/CDCA2,24,16,Proliferation
GO:0007052,mitotic spindle organization,23/97,134/18986,0.171641791044776,33.5957839667641,27.134498477749,3.35053048519043e-29,1.91352518820875e-27,1.41858717618589e-27,NEK2/CCNB1/DLGAP5/PLK1/CDC20/TPX2/BIRC5/CDCA8/AURKA/CENPE/PRC1/NDC80/TACC3/NUF2/TTK/KIF4A/KIF23/AURKB/KIFC1/KIF11/PSRC1/SPC25/RACGAP1,23,16,Proliferation
GO:0071174,mitotic spindle checkpoint signaling,16/97,49/18986,0.326530612244898,63.9124763307385,31.5984598464884,1.7170972990668602e-25,5.69411620464751e-24,4.22131899668728e-24,CCNB1/PLK1/CDC20/CENPF/BIRC5/CDCA8/BUB1/SKA1/NDC80/NUF2/TTK/MAD2L1/AURKB/SPC25/SKA3/SPC24,16,16,MAPK_PI3K_Pathway
GO:0007094,mitotic spindle assembly checkpoint signaling,16/97,49/18986,0.326530612244898,63.9124763307385,31.5984598464884,1.7170972990668602e-25,5.69411620464751e-24,4.22131899668728e-24,CCNB1/PLK1/CDC20/CENPF/BIRC5/CDCA8/BUB1/SKA1/NDC80/NUF2/TTK/MAD2L1/AURKB/SPC25/SKA3/SPC24,16,16,MAPK_PI3K_Pathway
GO:0071173,spindle assembly checkpoint signaling,16/97,49/18986,0.326530612244898,63.9124763307385,31.5984598464884,1.7170972990668602e-25,5.69411620464751e-24,4.22131899668728e-24,CCNB1/PLK1/CDC20/CENPF/BIRC5/CDCA8/BUB1/SKA1/NDC80/NUF2/TTK/MAD2L1/AURKB/SPC25/SKA3/SPC24,16,16,MAPK_PI3K_Pathway
GO:0031577,spindle checkpoint signaling,16/97,50/18986,0.32,62.6342268041237,31.2715578128756,2.5149832680307303e-25,7.60412588098704e-24,5.6372999568243e-24,CCNB1/PLK1/CDC20/CENPF/BIRC5/CDCA8/BUB1/SKA1/NDC80/NUF2/TTK/MAD2L1/AURKB/SPC25/SKA3/SPC24,16,16,MAPK_PI3K_Pathway
GO:0007093,mitotic cell cycle checkpoint signaling,18/97,152/18986,0.118421052631579,23.1787845903418,19.6731968890294,6.37392989366607e-20,1.28478430013504e-18,9.52471670384775e-19,CCNB1/PLK1/CDC20/GTSE1/CENPF/BIRC5/CDCA8/CDK1/BUB1/SKA1/NDC80/NUF2/TTK/MAD2L1/AURKB/SPC25/SKA3/SPC24,18,16,MAPK_PI3K_Pathway
GO:0050863,regulation of T cell activation,23/96,393/18986,0.0585241730279898,11.5743744698897,15.1008420439035,2.1015974146748e-18,4.60039674072314e-15,3.3780413181141303e-15,IFNG/CORO1A/CD69/SIT1/CCL5/CD3E/CD27/IL2RG/RAC2/LAPTM5/TIGIT/CD2/LCK/BATF/IL7R/PRDM1/HLA-DQB1/HLA-DPB1/HLA-DRA/HLA-DPA1/HLA-DRB1/CD74/SOCS1,23,14,Immune_Suppression
GO:0046631,alpha-beta T cell activation,16/96,196/18986,0.0816326530612245,16.1445578231293,15.1930924890987,2.8830139590038603e-15,2.1080820497952898e-12,1.54795089804881e-12,IFNG/NKG7/CD69/TRBC1/TRAC/CD3D/CD3E/TRBC2/IL2RG/CD3G/GPR183/BATF/PRDM1/HLA-DRA/HLA-DRB1/SOCS1,16,14,Immune_Suppression
GO:0030217,T cell differentiation,17/96,320/18986,0.053125,10.5065755208333,12.2263943475353,4.3810908637487797e-13,1.06557865563845e-10,7.82447456016887e-11,IFNG/CD69/CD3D/CD3E/CD27/IL2RG/CD3G/GPR183/CD2/LCK/BATF/IL7R/PRDM1/HLA-DRA/HLA-DRB1/CD74/SOCS1,17,14,Immune_Suppression
GO:0000727,double-strand break repair via break-induced replication,6/91,12/18986,0.5,104.318681318681,24.8452046399179,9.259074802843199e-12,1.59410404522284e-10,1.23129450886932e-10,CDC45/GINS2/MCM4/MCM5/MCM7/GINS4,6,6,DNA_Repair
GO:0006302,double-strand break repair,15/91,323/18986,0.0464396284829721,9.68904160854625,10.9303724026214,3.5782909201420396e-11,5.60056745531322e-10,4.3259083213200403e-10,CDC45/GINS2/ESCO2/CDCA5/RECQL4/MCM4/HMGB2/MCM5/MCM7/RAD51AP1/UHRF1/FEN1/GINS4/FOXM1/CHEK1,15,6,DNA_Repair
GO:0050870,positive regulation of T cell activation,15/96,260/18986,0.0576923076923077,11.4098557692308,12.0485231117784,3.6300712028206297e-12,6.1124814330572e-10,4.4883552442972503e-10,IFNG/CORO1A/CCL5/CD3E/CD27/IL2RG/LCK/IL7R/HLA-DQB1/HLA-DPB1/HLA-DRA/HLA-DPA1/HLA-DRB1/CD74/SOCS1,15,14,Immune_Suppression
GO:0050852,T cell receptor signaling pathway,12/96,149/18986,0.0805369127516778,15.9278523489933,13.0409591478973,1.2377540622049498e-11,1.5937903777450802e-09,1.1703098780105e-09,TRBC1/SH2D1A/TRAC/CD3D/CD3E/TRBC2/LAPTM5/CD3G/LCK/HLA-DQB1/HLA-DPB1/HLA-DRB1,12,14,Immune_Suppression
GO:0006302,double-strand break repair,15/88,323/18986,0.0464396284829721,10.0193498452012,11.1564103630015,2.1680469528345598e-11,2.1184136405311203e-09,1.83307629303101e-09,POLQ/DNA2/XRCC2/BRIP1/FANCD2/ZGRF1/BLM/BRCA2/RFWD3/MMS22L/MCM8/BRCA1/POLA1/NSD2/RBBP8,15,17,DNA_Repair
GO:0042770,signal transduction in response to DNA damage,12/88,194/18986,0.0618556701030928,13.3453608247423,11.793884365898,9.599096620083539e-11,7.34930834975146e-09,6.35940151080534e-09,DTL/E2F7/BRIP1/CLSPN/FANCD2/BLM/WDR76/BRCA2/RFWD3/BRCA1/ATAD5/BARD1,12,17,Stress_Response
GO:0000724,double-strand break repair via homologous recombination,11/91,188/18986,0.0585106382978723,12.2075052606967,10.717280614726,1.59087471650427e-09,2.02885627425792e-08,1.56709946083202e-08,CDC45/GINS2/RECQL4/MCM4/MCM5/MCM7/RAD51AP1/UHRF1/FEN1/GINS4/CHEK1,11,6,DNA_Repair
GO:0000724,double-strand break repair via homologous recombination,9/88,188/18986,0.0478723404255319,10.3284574468085,8.77145523410822,2.20180731410949e-07,7.28976745887602e-06,6.30788041339476e-06,POLQ/XRCC2/BLM/BRCA2/RFWD3/MMS22L/MCM8/BRCA1/RBBP8,9,17,DNA_Repair
GO:0035924,cellular response to vascular endothelial growth factor stimulus,7/88,78/18986,0.0897435897435897,19.3621794871795,11.0888739622221,7.2969965237919e-08,2.46492542573691e-05,1.92179845289762e-05,CCBE1/PDGFRB/TNXB/NRP1/DCN/PDGFRA/ADAMTS12,7,7,Stress_Response
GO:0071230,cellular response to amino acid stimulus,7/95,91/18986,0.0769230769230769,15.3732793522267,9.74636662006103,3.60759007962643e-07,3.07675896790997e-05,2.35442720986146e-05,COL1A1/COL3A1/COL1A2/COL4A1/COL6A1/COL5A2/PDGFRA,7,18,Stress_Response
GO:0001101,response to acid chemical,8/95,144/18986,0.0555555555555556,11.1029239766082,8.62987411534149,6.27770362948555e-07,4.49734688016345e-05,3.44150321077481e-05,COL1A1/COL3A1/COL1A2/COL4A1/COL6A1/COL5A2/COL18A1/PDGFRA,8,18,Stress_Response
GO:0071229,cellular response to acid chemical,7/95,100/18986,0.07,13.9896842105263,9.23566623854724,6.87888681826771e-07,4.56299492278425e-05,3.49173903991601e-05,COL1A1/COL3A1/COL1A2/COL4A1/COL6A1/COL5A2/PDGFRA,7,18,Stress_Response
GO:0042026,protein refolding,5/89,27/18986,0.185185185185185,39.504785684561,13.7401904298155,1.50358270877441e-07,0.0001479855375977,0.0001289743791174,HSPB2/CRYAB/DNAJA4/HSPA1A/HSPA1B,5,0,Protein_Folding
GO:0051085,chaperone cofactor-dependent protein refolding,4/89,32/18986,0.125,26.6657303370787,9.97199496338413,1.46735880578044e-05,0.0042888801666097,0.0037379034841986,DNAJB4/HSPA1A/HSPA1B/DNAJB1,4,0,Protein_Folding
